{
	"info": {
		"_postman_id": "0a2e6561-9b3e-4c58-9076-e7e0e1e3cfdc",
		"name": "SpringBoot-BuildingBlocks",
		"description": "Rest Services build as part of Building blocks project",
		"schema": "https://schema.getpostman.com/json/collection/v2.1.0/collection.json"
	},
	"item": [
		{
			"name": "JPA-Base",
			"item": [
				{
					"name": "getAllUsers",
					"request": {
						"method": "GET",
						"header": [],
						"url": {
							"raw": "http://localhost:8080/users",
							"protocol": "http",
							"host": [
								"localhost"
							],
							"port": "8080",
							"path": [
								"users"
							]
						}
					},
					"response": []
				},
				{
					"name": "createUser",
					"request": {
						"method": "POST",
						"header": [
							{
								"key": "Content-Type",
								"name": "Content-Type",
								"value": "application/json",
								"type": "text"
							}
						],
						"body": {
							"mode": "raw",
							"raw": "    {\n        \"username\": \"kreddy114\",\n        \"firstname\": \"Kalyan\",\n        \"lastname\": \"Reddy\",\n        \"email\": \"kreddy@stacksimplify.com\",\n        \"role\": \"admin\",\n        \"ssn\": \"ssn00214\"\n    }"
						},
						"url": {
							"raw": "http://localhost:8080/users",
							"protocol": "http",
							"host": [
								"localhost"
							],
							"port": "8080",
							"path": [
								"users"
							]
						}
					},
					"response": []
				},
				{
					"name": "createOrder",
					"request": {
						"method": "POST",
						"header": [
							{
								"key": "Content-Type",
								"name": "Content-Type",
								"value": "application/json",
								"type": "text"
							}
						],
						"body": {
							"mode": "raw",
							"raw": "{\n\"orderdescription\": \"order1122\"\n}"
						},
						"url": {
							"raw": "http://localhost:8080/users/101/orders",
							"protocol": "http",
							"host": [
								"localhost"
							],
							"port": "8080",
							"path": [
								"users",
								"101",
								"orders"
							]
						}
					},
					"response": []
				},
				{
					"name": "getUserById",
					"request": {
						"method": "GET",
						"header": [],
						"url": {
							"raw": "http://localhost:8080/users/101",
							"protocol": "http",
							"host": [
								"localhost"
							],
							"port": "8080",
							"path": [
								"users",
								"101"
							]
						}
					},
					"response": []
				},
				{
					"name": "updateUserById",
					"request": {
						"method": "PUT",
						"header": [
							{
								"key": "Content-Type",
								"name": "Content-Type",
								"value": "application/json",
								"type": "text"
							}
						],
						"body": {
							"mode": "raw",
							"raw": "    {\n        \"username\": \"kreddy111\",\n        \"firstname\": \"FirstNameUpdated3\",\n        \"lastname\": \"LastNameUpdate\",\n        \"email\": \"kreddy@stacksimplify.com\",\n        \"role\": \"admin\",\n        \"ssn\": \"ssn00211\"\n    }"
						},
						"url": {
							"raw": "http://localhost:8080/users/1",
							"protocol": "http",
							"host": [
								"localhost"
							],
							"port": "8080",
							"path": [
								"users",
								"1"
							]
						}
					},
					"response": []
				},
				{
					"name": "getUserByUsername",
					"request": {
						"method": "GET",
						"header": [],
						"url": {
							"raw": "http://localhost:8080/users/byusername/kreddy",
							"protocol": "http",
							"host": [
								"localhost"
							],
							"port": "8080",
							"path": [
								"users",
								"byusername",
								"kreddy"
							]
						}
					},
					"response": []
				},
				{
					"name": "getAllOrders",
					"request": {
						"method": "GET",
						"header": [],
						"url": {
							"raw": "http://localhost:8080/users/101/orders",
							"protocol": "http",
							"host": [
								"localhost"
							],
							"port": "8080",
							"path": [
								"users",
								"101",
								"orders"
							]
						}
					},
					"response": []
				},
				{
					"name": "deleteUserById",
					"request": {
						"method": "DELETE",
						"header": [],
						"url": {
							"raw": "http://localhost:8080/users/1",
							"protocol": "http",
							"host": [
								"localhost"
							],
							"port": "8080",
							"path": [
								"users",
								"1"
							]
						}
					},
					"response": []
				}
			]
		},
		{
			"name": "HATEOAS",
			"item": [
				{
					"name": "getUserById-Hateoas",
					"request": {
						"method": "GET",
						"header": [],
						"url": {
							"raw": "http://localhost:8080/hateoas/users/101",
							"protocol": "http",
							"host": [
								"localhost"
							],
							"port": "8080",
							"path": [
								"hateoas",
								"users",
								"101"
							]
						}
					},
					"response": []
				},
				{
					"name": "getAllOrders-Hateoas",
					"request": {
						"method": "GET",
						"header": [],
						"url": {
							"raw": "http://localhost:8080/hateoas/users/101/orders",
							"protocol": "http",
							"host": [
								"localhost"
							],
							"port": "8080",
							"path": [
								"hateoas",
								"users",
								"101",
								"orders"
							]
						}
					},
					"response": []
				},
				{
					"name": "getAllUsersHateoas",
					"request": {
						"method": "GET",
						"header": [],
						"url": {
							"raw": "http://localhost:8080/hateoas/users",
							"protocol": "http",
							"host": [
								"localhost"
							],
							"port": "8080",
							"path": [
								"hateoas",
								"users"
							]
						}
					},
					"response": []
				}
			]
		},
		{
			"name": "Internationalization",
			"item": [
				{
					"name": "HelloWorld-I18N-2",
					"request": {
						"method": "GET",
						"header": [
							{
								"key": "Accept-Language",
								"value": "fr",
								"type": "text"
							}
						],
						"url": {
							"raw": "http://localhost:8080/hello-int2",
							"protocol": "http",
							"host": [
								"localhost"
							],
							"port": "8080",
							"path": [
								"hello-int2"
							]
						}
					},
					"response": []
				},
				{
					"name": "HelloWorld-I18N",
					"request": {
						"method": "GET",
						"header": [],
						"url": {
							"raw": "http://localhost:8080/hello-int",
							"protocol": "http",
							"host": [
								"localhost"
							],
							"port": "8080",
							"path": [
								"hello-int"
							]
						}
					},
					"response": []
				}
			]
		},
		{
			"name": "Filtering",
			"item": [
				{
					"name": "getUserById-External-JsonView",
					"request": {
						"method": "GET",
						"header": [],
						"url": {
							"raw": "http://localhost:8080/jsonview/users/external/101",
							"protocol": "http",
							"host": [
								"localhost"
							],
							"port": "8080",
							"path": [
								"jsonview",
								"users",
								"external",
								"101"
							]
						}
					},
					"response": []
				},
				{
					"name": "getUserById-Internal-JsonView",
					"request": {
						"method": "GET",
						"header": [],
						"url": {
							"raw": "http://localhost:8080/jsonview/users/internal/101",
							"protocol": "http",
							"host": [
								"localhost"
							],
							"port": "8080",
							"path": [
								"jsonview",
								"users",
								"internal",
								"101"
							]
						}
					},
					"response": []
				},
				{
					"name": "getUserById-MappingJackson",
					"request": {
						"method": "GET",
						"header": [],
						"url": {
							"raw": "http://localhost:8080/jacksonfilter/users/102",
							"protocol": "http",
							"host": [
								"localhost"
							],
							"port": "8080",
							"path": [
								"jacksonfilter",
								"users",
								"102"
							],
							"query": [
								{
									"key": "fields",
									"value": "",
									"disabled": true
								}
							]
						}
					},
					"response": []
				},
				{
					"name": "getUserById-MappingJackson-params",
					"request": {
						"method": "GET",
						"header": [],
						"url": {
							"raw": "http://localhost:8080/jacksonfilter/users/params/102?fields=userid,username,ssn,orders",
							"protocol": "http",
							"host": [
								"localhost"
							],
							"port": "8080",
							"path": [
								"jacksonfilter",
								"users",
								"params",
								"102"
							],
							"query": [
								{
									"key": "fields",
									"value": "userid,username,ssn,orders"
								}
							]
						}
					},
					"response": []
				}
			]
		},
		{
			"name": "DTOs",
			"item": [
				{
					"name": "getUserById-ModelMapper",
					"request": {
						"method": "GET",
						"header": [],
						"url": {
							"raw": "http://localhost:8080/modelmapper/users/102",
							"protocol": "http",
							"host": [
								"localhost"
							],
							"port": "8080",
							"path": [
								"modelmapper",
								"users",
								"102"
							]
						}
					},
					"response": []
				},
				{
					"name": "getAllUsers-MapStruct",
					"request": {
						"method": "GET",
						"header": [
							{
								"key": "Accept",
								"value": "",
								"type": "text"
							}
						],
						"url": {
							"raw": "http://localhost:8080/mapstruct/users",
							"protocol": "http",
							"host": [
								"localhost"
							],
							"port": "8080",
							"path": [
								"mapstruct",
								"users"
							]
						}
					},
					"response": []
				},
				{
					"name": "getUserById-MapStruct",
					"request": {
						"method": "GET",
						"header": [],
						"url": {
							"raw": "http://localhost:8080/mapstruct/users/101",
							"protocol": "http",
							"host": [
								"localhost"
							],
							"port": "8080",
							"path": [
								"mapstruct",
								"users",
								"101"
							]
						}
					},
					"response": []
				}
			]
		},
		{
			"name": "Versioning",
			"item": [
				{
					"name": "getUserById-URI-V1",
					"request": {
						"method": "GET",
						"header": [],
						"url": {
							"raw": "http://localhost:8080/versioning/uri/users/v1.0/101",
							"protocol": "http",
							"host": [
								"localhost"
							],
							"port": "8080",
							"path": [
								"versioning",
								"uri",
								"users",
								"v1.0",
								"101"
							]
						}
					},
					"response": []
				},
				{
					"name": "getUserById-URI-V2",
					"request": {
						"method": "GET",
						"header": [],
						"url": {
							"raw": "http://localhost:8080/versioning/uri/users/v2.0/101",
							"protocol": "http",
							"host": [
								"localhost"
							],
							"port": "8080",
							"path": [
								"versioning",
								"uri",
								"users",
								"v2.0",
								"101"
							]
						}
					},
					"response": []
				},
				{
					"name": "getUserById-Params-V1",
					"request": {
						"method": "GET",
						"header": [],
						"url": {
							"raw": "http://localhost:8080/versioning/params/users/101?version=1",
							"protocol": "http",
							"host": [
								"localhost"
							],
							"port": "8080",
							"path": [
								"versioning",
								"params",
								"users",
								"101"
							],
							"query": [
								{
									"key": "version",
									"value": "1"
								}
							]
						}
					},
					"response": []
				},
				{
					"name": "getUserById-Params-V2",
					"request": {
						"method": "GET",
						"header": [],
						"url": {
							"raw": "http://localhost:8080/versioning/params/users/101?version=2",
							"protocol": "http",
							"host": [
								"localhost"
							],
							"port": "8080",
							"path": [
								"versioning",
								"params",
								"users",
								"101"
							],
							"query": [
								{
									"key": "version",
									"value": "2"
								}
							]
						}
					},
					"response": []
				},
				{
					"name": "getUserById-Headers-V1",
					"request": {
						"method": "GET",
						"header": [
							{
								"key": "API-VERSION",
								"value": "1",
								"type": "text"
							}
						],
						"url": {
							"raw": "http://localhost:8080/versioning/header/users/101",
							"protocol": "http",
							"host": [
								"localhost"
							],
							"port": "8080",
							"path": [
								"versioning",
								"header",
								"users",
								"101"
							]
						}
					},
					"response": []
				},
				{
					"name": "getUserById-Headers-V2",
					"request": {
						"method": "GET",
						"header": [
							{
								"key": "API-VERSION",
								"value": "2",
								"type": "text"
							}
						],
						"url": {
							"raw": "http://localhost:8080/versioning/header/users/103",
							"protocol": "http",
							"host": [
								"localhost"
							],
							"port": "8080",
							"path": [
								"versioning",
								"header",
								"users",
								"103"
							]
						}
					},
					"response": []
				},
				{
					"name": "getUserById-MediaType-V1",
					"request": {
						"method": "GET",
						"header": [
							{
								"key": "Accept",
								"value": "application/vnd.stacksimplify.app-v1+json",
								"type": "text"
							}
						],
						"url": {
							"raw": "http://localhost:8080/versioning/mediatype/users/103",
							"protocol": "http",
							"host": [
								"localhost"
							],
							"port": "8080",
							"path": [
								"versioning",
								"mediatype",
								"users",
								"103"
							]
						}
					},
					"response": []
				},
				{
					"name": "getUserById-MediaType-V2",
					"request": {
						"method": "GET",
						"header": [
							{
								"key": "Accept",
								"value": "application/vnd.stacksimplify.app-v2+json",
								"type": "text"
							}
						],
						"url": {
							"raw": "http://localhost:8080/versioning/mediatype/users/103",
							"protocol": "http",
							"host": [
								"localhost"
							],
							"port": "8080",
							"path": [
								"versioning",
								"mediatype",
								"users",
								"103"
							]
						}
					},
					"response": []
				}
			]
		},
		{
			"name": "Content-Negotiation",
			"item": [
				{
					"name": "getAllUsers-ContentNegotiation-XML",
					"request": {
						"method": "GET",
						"header": [
							{
								"key": "Accept",
								"value": "application/xml",
								"type": "text"
							}
						],
						"url": {
							"raw": "http://localhost:8080/users",
							"protocol": "http",
							"host": [
								"localhost"
							],
							"port": "8080",
							"path": [
								"users"
							]
						}
					},
					"response": []
				},
				{
					"name": "CreateUser-ContentNegotiation",
					"request": {
						"method": "POST",
						"header": [
							{
								"key": "Content-Type",
								"name": "Content-Type",
								"value": "application/xml",
								"type": "text"
							}
						],
						"body": {
							"mode": "raw",
							"raw": "<item>\n    <username>user201</username>\n    <firstname>UserFname</firstname>\n    <lastname>userLname</lastname>\n    <email>fnamelname@stacksimplify.com</email>\n    <role>admin</role>\n    <ssn>ssn201</ssn>\n    <address>California</address>\n</item>"
						},
						"url": {
							"raw": "http://localhost:8080/users",
							"protocol": "http",
							"host": [
								"localhost"
							],
							"port": "8080",
							"path": [
								"users"
							]
						}
					},
					"response": []
				}
			]
		}
	]
}